Name,LocCode,Year,January,February,March,April,May,June,July ,August,September,October,November ,December
Smith River and tributaries,1,1991,"4,352","3,501","7,374","3,541","1,874",846.3,502.9,346.4,265.7,315.9,"1,243","1,675"
Smith River and tributaries,1,1992,"2,257","5,417","2,206","4,397","1,053",556.7,390.1,242.5,207.4,359.5,"2,205","5,825"
Smith River and tributaries,1,1993,"9,039","5,319","9,266","9,159","4,616","3,553",823.2,484.3,320.9,301.8,309.3,"3,674"
Smith River and tributaries,1,1994,"4,076","3,564","2,990","2,069","1,930",911.7,425.8,273.6,227.6,278.5,"3,735","6,150"
Smith River and tributaries,1,1995,"15,390","7,037","10,360","6,884","3,239","1,561",689.6,405.1,327.1,266.4,"1,540","12,770"
Smith River and tributaries,1,1996,"11,510","10,950","7,255","7,880","5,387","1,361",583.1,356.4,339.5,810.1,"6,181","21,740"
Smith River and tributaries,1,1997,"13,000","4,904","3,973","3,859","2,166","1,032",501.8,334.3,536.6,"2,503","3,931","4,663"
Smith River and tributaries,1,1998,"14,310","12,120","7,620","3,661","2,399","1,309",584.3,360.3,276,387.1,"10,620","8,292"
Smith River and tributaries,1,1999,"8,591","14,460","6,976","4,546","3,565","1,328",534,348.3,247.5,389.8,"2,841","4,354"
Smith River and tributaries,1,2000,"11,500","9,069","4,727","2,144","2,731","1,108",529.4,334.4,296.3,500.1,893,"2,928"
Smith River and tributaries,1,2001,"1,437","2,416","2,130","1,759","1,497",622.6,368,259.4,207,269.6,"4,195","10,260"
Smith River and tributaries,1,2002,"7,746","6,929","4,820","3,101","1,227",625.9,367.6,260.4,220.8,197.9,"1,097","10,530"
Smith River and tributaries,1,2003,"8,426","5,310","7,223","7,216","3,575",894.4,455.8,311.9,254.6,230.9,857.8,"9,845"
Smith River and tributaries,1,2004,"7,708","8,213","4,096","4,911","1,515",692.9,385.2,294.6,258,926.7,657.5,"7,601"
Smith River and tributaries,1,2005,"4,750","2,082","5,158","6,546","4,921","2,171",828.5,404.1,289.7,430.4,"4,731","16,650"
Smith River and tributaries,1,2006,"15,110","7,345","7,803","6,316","2,318","1,674",552.4,346.5,267.1,258.2,"6,899","13,040"
Smith River and tributaries,1,2007,"4,804","5,480","6,143","3,609","1,736",737.9,436.9,297.9,233.4,"2,379","3,581","6,864"
Smith River and tributaries,1,2008,"8,083","6,581","5,006","3,022","2,265",921.1,421,301.3,220.7,392.7,"3,154","9,106"
Smith River and tributaries,1,2009,"5,698","4,758","8,065","2,283","3,964",876,454.6,292,238.9,495.6,"2,284","3,332"
Smith River and tributaries,1,2010,"8,909","6,012","5,637","7,744","4,273","4,988",847.5,440.4,470.4,"1,415","4,112","12,580"
Smith River and tributaries,1,2011,"5,224","3,207","12,750","7,089","2,940","2,019",638.5,326.2,232.1,564.5,"2,665","2,782"
Smith River and tributaries,1,2012,"10,740","3,130","13,590","8,583","2,729","1,205",647.4,379,292.6,743.7,"5,713","13,030"
Smith River and tributaries,1,2013,"3,680","2,275","3,232","4,162","1,138",849.5,477.5,329.9,"1,162",815,"1,024",864.4
Smith River and tributaries,1,2014,976.5,"9,766","8,569","3,085","2,473",739.6,431.2,289.6,285.7,"1,622","3,775","9,429"
Smith River and tributaries,1,2015,"3,480","7,938","2,563","2,242",810.2,482.9,330.2,258.3,250,243,"1,190","15,730"
Smith River and tributaries,1,2016,"11,530","4,787","11,680","2,871","1,268",611.8,401,257.6,220.6,"6,436","7,038","8,967"
Smith River and tributaries,1,2017,"12,650","17,740","10,300","7,578","2,965","1,267",562.5,340.6,313.1,580.6,"6,925","2,127"
Smith River and tributaries,1,2018,"6,104","2,501","7,734","6,235","1,379",630.1,362,254.4,206.5,241.7,910,"4,039"
Smith River and tributaries,1,2019,"8,171","9,640","5,154","9,197","2,070",824.5,430.8,291.3,349.3,415,340.5,"3,595"
Smith River and tributaries,1,2020,"10,000","2,574","1,742","2,418","2,427","1,032",473.1,279.2,226,235.6,"1,698","3,499"
Smith River and tributaries,1,2021,"8,779","9,433","3,349","1,348",677.5,535.9,290.7,197,231.9,"1,816","4,039","5,759"
Smith River and tributaries,1,2022,"7,453","1,186","1,396","4,095","4,478","1,828",681.3,392.1,297.8,259.9,728.9,"6,791"
Smith River and tributaries,1,2023,"9,322","2,087","8,717","6,754","2,661",773.3,390,268.9,318.4,NA,NA,NA
Klamath River and tributaries,2,1991,"4,041","4,469","6,777","5,767","5,467","3,147","1,758","1,236","1,204","1,461","2,260","2,820"
Klamath River and tributaries,2,1992,"3,228","6,035","4,560","7,446","3,081","1,626","1,207",714.4,789.9,"1,354","2,753","4,439"
Klamath River and tributaries,2,1993,"8,356","8,685","22,930","20,260","18,220","13,270","3,183","2,374","2,253","2,308","2,499","4,410"
Klamath River and tributaries,2,1994,"5,651","4,296","5,143","4,160","4,116","2,021","1,276","1,074","1,301","1,439","2,422","4,227"
Klamath River and tributaries,2,1995,"23,000","20,870","25,550","18,290","16,090","9,327","4,129","2,300","2,142","2,167","2,287","13,830"
Klamath River and tributaries,2,1996,"18,580","34,490","20,500","18,130","16,420","6,520","3,048","2,105","2,135","2,478","6,459","32,580"
Klamath River and tributaries,2,1997,"51,290","17,450","11,940","10,990","8,639","4,476","2,406","2,095","2,160","3,495","5,577","6,716"
Klamath River and tributaries,2,1998,"23,560","23,370","27,570","17,840","18,490","14,910","5,405","2,527","2,354","2,624","10,960","13,680"
Klamath River and tributaries,2,1999,"16,130","22,190","23,490","18,480","17,160","11,340","4,139","2,353","2,112","2,391","4,542","5,679"
Klamath River and tributaries,2,2000,"14,710","16,740","14,340","12,260","9,815","5,346","2,411","1,758","1,896","2,220","2,545","3,085"
Klamath River and tributaries,2,2001,"2,679","3,150","4,921","4,589","4,702","2,756","1,429","1,209","1,224","1,603","3,858","9,275"
Klamath River and tributaries,2,2002,"14,160","10,930","9,557","10,650","6,904","3,593","1,647","1,263","1,305","1,638","2,328","11,720"
Klamath River and tributaries,2,2003,"21,020","10,810","13,730","14,710","14,130","7,248","2,666","2,088","2,049","2,172","2,511","7,691"
Klamath River and tributaries,2,2004,"10,160","15,720","14,690","11,690","8,942","4,605","2,045","1,531","1,640","2,247","2,302","7,588"
Klamath River and tributaries,2,2005,"6,576","5,624","6,957","10,420","16,020","6,684","3,140","2,161","2,018","2,177","5,279","32,030"
Klamath River and tributaries,2,2006,"35,730","25,080","15,460","19,190","18,390","9,563","3,463","2,079","1,865","2,149","5,089","14,970"
Klamath River and tributaries,2,2007,"9,193","8,546","15,740","9,119","6,812","3,676","2,157","1,788","1,692","3,427","3,426","6,113"
Klamath River and tributaries,2,2008,"8,715","9,532","11,400","10,500","13,920","6,593","2,468","1,881","1,627","2,039","3,620","4,998"
Klamath River and tributaries,2,2009,"7,008","6,241","10,620","6,962","8,735","3,875","2,030","1,700","1,603","2,116","2,643","3,742"
Klamath River and tributaries,2,2010,"10,080","8,516","8,025","11,590","11,000","12,250","3,444","1,999","1,870","2,910","4,589","14,030"
Klamath River and tributaries,2,2011,"11,790","7,489","18,480","18,770","13,940","12,970","5,352","2,541","2,169","2,502","3,513","3,345"
Klamath River and tributaries,2,2012,"9,985","5,912","15,460","20,820","12,220","5,372","2,684","1,860","1,641","1,812","4,491","14,180"
Klamath River and tributaries,2,2013,"6,671","6,006","7,917","9,588","4,892","2,849","1,834","1,474","1,886","2,041","2,024","1,921"
Klamath River and tributaries,2,2014,"2,005","8,266","11,780","5,736","3,472","2,196","1,434","1,259","1,421","2,602","3,621","10,590"
Klamath River and tributaries,2,2015,"5,894","17,510","5,611","4,610","3,186","2,245","1,545","1,287","1,378","1,491","1,854","11,240"
Klamath River and tributaries,2,2016,"19,350","14,270","25,460","12,860","7,520","3,814","2,417","1,791","1,634","5,631","7,714","14,020"
Klamath River and tributaries,2,2017,"18,980","39,880","29,910","20,840","18,220","8,856","3,214","2,192","2,122","2,226","6,329","3,669"
Klamath River and tributaries,2,2018,"5,645","5,569","7,948","13,050","6,851","3,084","2,043","1,782","1,663","1,783","2,268","4,579"
Klamath River and tributaries,2,2019,"10,330","10,660","12,050","22,810","10,170","6,180","2,639","1,813","1,820","2,159","2,007","4,046"
Klamath River and tributaries,2,2020,"7,950","5,778","3,677","6,023","5,662","3,270","1,807","1,468","1,452","1,464","2,276","3,263"
Klamath River and tributaries,2,2021,"7,820","8,965","5,564","6,102","4,511","2,426","1,515","1,342","1,386","2,519","4,110","3,968"
Klamath River and tributaries,2,2022,"7,713","4,519","4,463","6,773","7,846","4,197","2,059","1,534","1,649","1,561","1,930","7,747"
Klamath River and tributaries,2,2023,"13,730","5,489","10,970","15,500","16,670","6,529","2,812","1,806","1,711",NA,NA,NA
Trinity River and tributaries,3,1991,722.6,"1,001","1,963","1,435","1,258","1,010",560.9,429.4,438,387.3,490.8,535
Trinity River and tributaries,3,1992,681.5,"1,962","2,081","2,617","1,108","1,838",596.9,534.2,575.1,525,630.8,"1,054"
Trinity River and tributaries,3,1993,"2,482","2,838","4,449","2,869","2,803","2,435","1,115",726.4,604.6,477.9,466.8,757.4
Trinity River and tributaries,3,1994,"1,134","1,188","1,271","1,790","1,828",657.2,570.3,514.9,487.6,396.8,524.3,904.4
Trinity River and tributaries,3,1995,"7,833","5,126","9,065","4,471","5,739","2,004","1,339",842.7,664,493.3,466.5,"2,385"
Trinity River and tributaries,3,1996,"3,047","7,893","3,875","2,406","3,287","1,434",914.8,626.4,567.9,591,"1,132","5,934"
Trinity River and tributaries,3,1997,"12,220","4,505","1,718","1,581","2,293","1,292",787.2,662.7,663,642.3,"1,018","1,272"
Trinity River and tributaries,3,1998,"5,351","9,496","8,005","6,129","4,733","6,891","1,988",862.3,693.5,583.8,"1,599","2,546"
Trinity River and tributaries,3,1999,"2,327","3,750","3,819","3,088","3,199","1,987","1,010",657.3,631.4,546.8,761.2,847.2
Trinity River and tributaries,3,2000,"2,182","4,567","5,680","2,752","2,675","1,826",910.6,616.1,606.4,560.3,548.5,599
Trinity River and tributaries,3,2001,658.4,"1,117","2,100","1,434","2,387","1,114",597.2,592.6,536.3,497.8,"1,039","2,535"
Trinity River and tributaries,3,2002,"3,846","2,544","1,797","1,895","4,121","1,362",646.2,542.7,512.4,441,578.1,"3,148"
Trinity River and tributaries,3,2003,"4,882","2,026","2,347","2,738","4,779","2,997","1,431",794.2,858.1,432.3,495.6,"1,878"
Trinity River and tributaries,3,2004,"2,466","5,025","4,010","1,938","4,801","3,130","1,371",832.4,826,577.4,511.7,"1,373"
Trinity River and tributaries,3,2005,"1,697","1,476","2,244","2,259","6,714","3,334","1,766",680.1,584.1,516,701.4,"5,675"
Trinity River and tributaries,3,2006,"8,405","5,066","3,365","5,751","8,357","5,967","1,606",602.3,550,485.2,802.3,"1,823"
Trinity River and tributaries,3,2007,"1,228","1,533","2,048","1,288","3,310","1,088",558.8,551.4,498.8,673.1,534.6,940.6
Trinity River and tributaries,3,2008,"1,821","2,440","2,271","1,805","5,368","2,653","1,279",518.2,485.5,504.3,814.8,663.5
Trinity River and tributaries,3,2009,"1,208","1,646","2,373","1,509","4,179","1,435",620.3,700.4,536.5,599,554.7,802.5
Trinity River and tributaries,3,2010,"2,362","2,777","2,218","3,284","6,253","4,049","1,705",672.7,600.7,865.4,"1,048","3,233"
Trinity River and tributaries,3,2011,"2,461","1,441","4,137","3,762","7,320","3,980","2,002",873,647.3,691.4,624.2,637.5
Trinity River and tributaries,3,2012,"1,516","1,321","3,174","4,040","5,328","2,918","1,304",893.7,841.9,519.5,941.3,"2,771"
Trinity River and tributaries,3,2013,"1,735","1,348","1,374","1,946","3,195","1,136",598.3,732.4,861.6,543.5,433.7,460.9
Trinity River and tributaries,3,2014,473.4,"1,185","2,099","1,395","1,814",944.3,515.5,700.4,"1,294",674.5,729.9,"2,692"
Trinity River and tributaries,3,2015,"1,083","3,654",998.6,900.4,"3,215","1,014",546.6,857.1,"1,053",452.5,417.5,"1,620"
Trinity River and tributaries,3,2016,"4,694","2,594","5,402","2,350","5,563","2,769","1,302",658.6,981.6,"1,071","1,349","2,634"
Trinity River and tributaries,3,2017,"4,471","8,132","4,456","6,239","6,624","3,984","1,753",903.3,600.4,557.4,"1,047",652.8
Trinity River and tributaries,3,2018,"1,001",965.8,"1,400","2,497","2,176","1,105",588.6,817.7,682.6,455.1,495.6,933.1
Trinity River and tributaries,3,2019,"2,427","3,663","4,108","6,407","5,327","3,346","1,487",603.5,714.2,505.4,425,928.9
Trinity River and tributaries,3,2020,"1,484","1,035",707.9,"1,748","1,845","1,178",555.4,489.8,582.5,410.1,425.5,506.3
Trinity River and tributaries,3,2021,992.2,"1,681","1,030","1,517","1,964",764.9,485.3,499.9,742.7,786.5,870.6,862.7
Trinity River and tributaries,3,2022,"1,507",839.9,743.3,"2,104","1,967",887.9,588.6,585.4,889.7,455,462.3,"1,535"
Trinity River and tributaries,3,2023,"5,055","1,502","4,726","8,785","4,384","1,815",847.7,767.3,594.5,NA,NA,NA
Other coastal streams and rivers north of the Klamath River,4,NA,NA,NA,NA,NA,NA,NA,NA,NA,NA,NA,NA,NA
Mad River and tributaries,5,1991,28.5,85.3,444.6,173.2,55.9,22.4,10.6,0.275,0,0,12.4,49.7
Mad River and tributaries,5,1992,78.1,416.8,160.1,203.9,38.9,7.02,7.71,1.71,0.841,0.891,26.9,499.4
Mad River and tributaries,5,1993,"1,271",536.6,774.9,400.9,191.8,228.6,25,4.87,0.028,0,0,68.3
Mad River and tributaries,5,1994,166.8,298,115.8,38.3,46,17.6,2.11,0.002,0,0,36.7,185.5
Mad River and tributaries,5,1995,"1,887",458.6,"1,299",781.4,301.2,44.5,10.8,1.24,0.055,0,0,562.4
Mad River and tributaries,5,1996,"1,037",943.1,605.1,344.5,233.7,53.2,7.79,0.786,0,0,76.1,"1,684"
Mad River and tributaries,5,1997,"1,465",300,155.5,106.2,49.3,20.8,4.24,0.551,0.082,2.15,107.2,199.5
Mad River and tributaries,5,1998,"1,643","1,480",851.3,320.3,144.1,105.5,15.3,2.03,0.439,0.152,349.5,381.6
Mad River and tributaries,5,1999,502.7,"1,391",623,313.3,82.8,25,3.67,0.897,0.165,0.303,63.6,116.7
Mad River and tributaries,5,2000,642.2,"1,083",393.6,101.2,63.9,16.1,1.5,0.196,0,0.335,6.47,46.5
Mad River and tributaries,5,2001,67.6,212,211.9,55.5,21.9,4.25,1.15,0.001,0,0,160.1,831.1
Mad River and tributaries,5,2002,709,444.2,214.4,70.2,32.4,8.1,1.56,0.121,0,0,31.2,"1,422"
Mad River and tributaries,5,2003,847.7,306.3,432.3,729.4,384.7,31.9,3.92,0.594,0,0,16,718.8
Mad River and tributaries,5,2004,615.6,"1,089",276.4,114.2,44.1,10.8,1.68,0,0,7.41,11.9,225.1
Mad River and tributaries,5,2005,427.1,226.6,461,336.9,509.7,133.2,24.9,2.63,0.553,0.005,90.4,"1,910"
Mad River and tributaries,5,2006,"1,145",891,760.2,813.7,143,24.6,2.64,0.198,0,0,29.2,409.4
Mad River and tributaries,5,2007,168.5,437.2,422,88,55.3,9.87,1.69,0.04,0,8.97,8.45,137.9
Mad River and tributaries,5,2008,597.5,565.4,216.6,91.2,43.7,14.2,2.22,0.278,0,0,14.7,124.8
Mad River and tributaries,5,2009,119.4,382.9,453.2,76,234.9,22.7,3.01,0.439,0,0.133,17.7,75.1
Mad River and tributaries,5,2010,590.6,467.4,325.6,505.2,210.9,128.1,14.3,2.25,0.522,62.8,128.4,916.3
Mad River and tributaries,5,2011,329.2,266.4,"1,087",541.9,149.1,81,20,3.2,1.09,2.63,13.5,7.68
Mad River and tributaries,5,2012,220.2,59.9,703.7,483.6,73.9,17.1,3.95,0.415,0,0,119.6,"1,135"
Mad River and tributaries,5,2013,255.3,86,119.8,155,25.9,9.09,3.14,0.709,0.175,0.311,0.281,1.83
Mad River and tributaries,5,2014,3.79,208.3,525,154.6,19.4,4.34,0.711,0,0,9.63,84.1,609.6
Mad River and tributaries,5,2015,105,514,42.6,31.2,11.4,2.99,0.036,0,0,0,0,552.4
Mad River and tributaries,5,2016,"1,181",350,"1,033",99.9,31.2,8.25,1.84,0,0,128.9,306,847
Mad River and tributaries,5,2017,"1,337","1,585",596.6,512.6,99.7,16.7,2.05,0.001,0,0,164.9,33.5
Mad River and tributaries,5,2018,269,101,438,455.2,52.2,12.8,1.75,0,0,0,14.5,135.5
Mad River and tributaries,5,2019,529.4,"1,086",858.8,496.2,114.6,30.7,1.22,0,0,0,0,69.5
Mad River and tributaries,5,2020,290.1,70,36.6,117.4,63.1,18.4,0,0,0,0,1.25,62
Mad River and tributaries,5,2021,206.9,431.1,195,48.3,22.7,11.4,1.87,0.01,0.144,282.6,257.5,509.8
Mad River and tributaries,5,2022,575.2,74.1,39.8,326.9,126.5,47.9,15.8,4.81,2.72,2.55,16.6,638.6
Mad River and tributaries,5,2023,"1,369",256.9,"1,161",432.4,140.2,34,6.03,1.49,2.04,4.31,19.9,NA
Eel River and tributaries,6,1991,162.2,492.7,"1,716","1,013",598.6,148.7,41.2,9.14,4.87,25.6,132.6,175.5
Eel River and tributaries,6,1992,421.7,"2,419","1,986","1,466",370.1,107.5,42.3,7.92,4.97,29.8,93.3,"2,151"
Eel River and tributaries,6,1993,"5,128","3,918","4,723","2,968","1,985","1,744",262,62.3,33.4,40,43.6,623.8
Eel River and tributaries,6,1994,"1,047","1,527","1,653",648.7,591.6,127.9,27.7,4.33,1.04,5.11,255.5,867.2
Eel River and tributaries,6,1995,"10,770","2,768","7,171","3,892","2,699",857.2,241,50.3,21.2,17.6,26.9,"2,674"
Eel River and tributaries,6,1996,"4,990","3,696","3,142","2,495","2,178",492.8,107.6,28.3,19,26.5,555.2,"7,477"
Eel River and tributaries,6,1997,"10,820","2,301","1,835","1,085",392.7,168.2,49.2,18.9,18,96.6,"1,047","1,672"
Eel River and tributaries,6,1998,"9,157","9,234","6,770","3,072","2,600","1,868",316.4,63.9,28.2,30.7,"1,428","1,940"
Eel River and tributaries,6,1999,"2,457","6,167","4,037","2,992","1,797",379,59.9,33.5,15.6,30.4,567.9,673.9
Eel River and tributaries,6,2000,"3,246","5,600","3,016","1,683",718.7,137.1,40.5,13.6,12.9,24,87,236
Eel River and tributaries,6,2001,417.2,"1,342","2,280","1,030",537.7,75.6,23,6.16,4.61,6.29,869.3,"5,303"
Eel River and tributaries,6,2002,"4,242","2,199","1,654","1,201",406.5,113.8,20.9,6.69,4.07,5.17,390.3,"6,702"
Eel River and tributaries,6,2003,"5,830","1,556","2,898","4,481","3,405",529.2,80.1,34.9,17,10.7,185.2,"4,276"
Eel River and tributaries,6,2004,"3,079","6,593","2,636","1,269",563,150.6,40.9,9.65,4.78,107.3,121.1,"1,511"
Eel River and tributaries,6,2005,"2,560","2,211","4,048","3,084","4,260","1,061",215,44.8,22.6,24.6,419,"10,110"
Eel River and tributaries,6,2006,"6,162","5,053","4,668","6,387","3,032",518.7,58.5,20.8,12.1,14.3,205.4,"2,267"
Eel River and tributaries,6,2007,877.5,"2,528","2,490",928.3,523.6,83.1,21.5,13.2,12.2,115.4,89.5,798.6
Eel River and tributaries,6,2008,"3,002","2,818","2,050","1,405","1,080",182.1,41.3,13.6,6.58,24,252.6,503.3
Eel River and tributaries,6,2009,885.8,"2,090","3,423","1,132","1,727",188.7,29.4,10.8,5.74,140.7,166.1,665.4
Eel River and tributaries,6,2010,"3,582","3,311","3,163","4,741","2,629","1,348",155.5,34.6,20.3,628.6,703.1,"4,916"
Eel River and tributaries,6,2011,"2,469","1,854","5,771","4,210","1,891","1,209",221,50.1,17.8,98.2,201.2,117.7
Eel River and tributaries,6,2012,"1,471",606.5,"3,808","3,707",922,176.3,51,12.8,7.8,18.6,"1,209","5,686"
Eel River and tributaries,6,2013,"1,782",888.4,"1,341","1,168",222.3,92.8,43.5,15,12.4,43,68.9,46.7
Eel River and tributaries,6,2014,51,"1,516","3,174","1,203",186.2,46.1,12.1,3.75,3.87,53.2,379.5,"3,926"
Eel River and tributaries,6,2015,669.6,"2,567",342.5,265.2,129.2,44.9,21.8,5.45,4.67,6.48,27.9,"2,670"
Eel River and tributaries,6,2016,"5,215","2,404","5,574","1,183",467.2,130.9,36.2,9.27,5.9,745.7,"1,649","3,939"
Eel River and tributaries,6,2017,"8,389","9,731","3,532","3,963","1,597",298.6,62.9,22.9,14.5,20.6,"1,204",295.8
Eel River and tributaries,6,2018,"1,519",845.2,"2,841","2,777",402.1,115.1,30.7,8.92,6.06,18.2,190.3,926.3
Eel River and tributaries,6,2019,"3,381","5,748","4,247","3,901","1,901",553.7,98.1,27.6,17.7,21.1,24.7,727.9
Eel River and tributaries,6,2020,"1,615",577.5,291.4,830.2,518.2,184.5,27.6,6.94,7.21,9.3,49,215.7
Eel River and tributaries,6,2021,"1,024","2,001","1,130",623.3,185.9,55,17.2,8.94,8.79,"1,146","1,053","2,137"
Eel River and tributaries,6,2022,"2,516",883.7,584.9,"1,569",754.7,231.7,79.8,29.2,35.2,27.7,96.5,"2,722"
Eel River and tributaries,6,2023,"7,086","1,502","5,737","4,212","2,946",597.9,108.3,55.8,41.2,38.7,129.7,NA
Gualala River and tributaries,7,NA,NA,NA,NA,NA,NA,NA,NA,NA,NA,NA,NA,NA
Other coastal streams and rivers between the Klamath and Russian Rivers,8,1991,103.1,283.8,"1,621",257.2,93.9,45.2,22.6,20.6,23.2,22.6,42.7,120.9
Other coastal streams and rivers between the Klamath and Russian Rivers,8,1992,398.9,"1,967","1,000",433,125.9,54.9,35.6,14.6,11.8,41.1,98.4,"1,471"
Other coastal streams and rivers between the Klamath and Russian Rivers,8,1993,"3,668","1,196","1,171",921,428.7,476,86.8,39.7,24.2,24.8,32.8,822
Other coastal streams and rivers between the Klamath and Russian Rivers,8,1994,908,"1,308",389.3,208,131.9,54.6,24.9,12.5,9.9,10.4,165.7,527
Other coastal streams and rivers between the Klamath and Russian Rivers,8,1995,"5,653","1,061","3,648",866,447.5,123.8,56.3,26.5,18,15.3,23.2,"1,495"
Other coastal streams and rivers between the Klamath and Russian Rivers,8,1996,"2,278","2,206","1,252",790,524,162.8,49.7,24.9,20.8,25.7,354.1,"3,867"
Other coastal streams and rivers between the Klamath and Russian Rivers,8,1997,"3,158",719,459,280.2,140.7,79.8,33.2,20.1,21.7,50.6,474.4,899
Other coastal streams and rivers between the Klamath and Russian Rivers,8,1998,"3,802","4,771","1,882",793,326.8,199.5,68.5,31.1,20.9,25.5,844,"1,103"
Other coastal streams and rivers between the Klamath and Russian Rivers,8,1999,990,"3,397","1,891",896,180.2,75.7,32.9,22.2,13,24.7,325.5,387.5
Other coastal streams and rivers between the Klamath and Russian Rivers,8,2000,"1,789","2,943","1,165",319.1,169.3,68.1,31.9,16.5,12.6,46.9,70.9,127.6
Other coastal streams and rivers between the Klamath and Russian Rivers,8,2001,430.9,"1,425",784,178.9,79.9,49,24.9,11.2,7.9,13.7,678,"2,560"
Other coastal streams and rivers between the Klamath and Russian Rivers,8,2002,"2,192","1,078",704,218.6,94.5,48.1,23.2,11.2,7.2,7.2,99.9,"3,765"
Other coastal streams and rivers between the Klamath and Russian Rivers,8,2003,"2,109",640,925,"1,737",784,117.5,51.4,22.8,14.7,13.3,72.4,"1,811"
Other coastal streams and rivers between the Klamath and Russian Rivers,8,2004,"1,511","2,731",593,311,129.1,51.7,20.5,12.3,8.9,67.1,41.9,959
Other coastal streams and rivers between the Klamath and Russian Rivers,8,2005,"1,276",573,"1,445","1,117",784,568,130.8,42.8,24,30,204.9,"4,351"
Other coastal streams and rivers between the Klamath and Russian Rivers,8,2006,"2,852","1,809","3,001","2,115",282,113.6,46.7,23.5,12.9,12.4,297.8,"1,383"
Other coastal streams and rivers between the Klamath and Russian Rivers,8,2007,491,"1,814",624,216.9,125,48.4,23.2,12.5,9,96.9,52.8,664
Other coastal streams and rivers between the Klamath and Russian Rivers,8,2008,"2,127","1,716",342.5,165.2,79.5,34.4,15,8.1,5.8,22.4,155.2,441
Other coastal streams and rivers between the Klamath and Russian Rivers,8,2009,335.2,"1,437","1,190",191.8,454,73.6,25.4,12.3,9.2,35,82.5,393
Other coastal streams and rivers between the Klamath and Russian Rivers,8,2010,"2,396","1,255","1,012","1,405",430.7,269.3,71.8,31.2,23.4,190.5,404.5,"1,941"
Other coastal streams and rivers between the Klamath and Russian Rivers,8,2011,570,797,"3,186",470.4,194,148.4,65.1,25.5,14.3,71.9,168,103.3
Other coastal streams and rivers between the Klamath and Russian Rivers,8,2012,935,394.3,"2,037","1,179",182.8,76.7,36,14.5,8.6,17.4,546,"2,745"
Other coastal streams and rivers between the Klamath and Russian Rivers,8,2013,380.3,162.3,257.6,270.1,75.8,43.5,19.8,10.2,21.9,26.2,29.4,23.7
Other coastal streams and rivers between the Klamath and Russian Rivers,8,2014,23.5,453,"1,090",438.8,76.8,30.6,13,6.6,13.9,100.5,203.4,"1,768"
Other coastal streams and rivers between the Klamath and Russian Rivers,8,2015,357,"1,532",151,149.2,55.4,23.9,11.9,7.5,9.3,7.7,26.8,"1,405"
Other coastal streams and rivers between the Klamath and Russian Rivers,8,2016,"2,642",665,"2,528",280.3,116,46.6,20.4,9.4,6.6,259.5,963,"1,813"
Other coastal streams and rivers between the Klamath and Russian Rivers,8,2017,"3,587","3,943","1,183","1,148",252.4,99,39.8,19.2,12.6,14.9,334.9,128.2
Other coastal streams and rivers between the Klamath and Russian Rivers,8,2018,823,227.2,"1,086",903,139.1,57,25,12,8.5,10.6,121.4,575
Other coastal streams and rivers between the Klamath and Russian Rivers,8,2019,"1,568","3,244","1,414",933,586.8,156.2,71.4,29.5,19.1,16.4,22.4,369.8
Other coastal streams and rivers between the Klamath and Russian Rivers,8,2020,846,264.6,124.9,309.7,296.4,83.4,28.4,12.2,8.3,6.7,37.6,118.8
Other coastal streams and rivers between the Klamath and Russian Rivers,8,2021,767,904,513,110.6,45.3,24.1,9.7,4.7,5,274.7,392.7,"1,106"
Other coastal streams and rivers between the Klamath and Russian Rivers,8,2022,687,106.2,69.4,362.4,171.3,81.6,27.9,12.6,11.4,10.1,36.3,811
Other coastal streams and rivers between the Klamath and Russian Rivers,8,2023,"2,990",555,"2,447",638,163.2,70.4,25.8,11.2,17.1,NA,NA,NA
Russian Rivers and tributaries,9,1991,145.1,297.1,"9,291","1,242",393.8,151,140,156.4,131.2,129.7,179,327
Russian Rivers and tributaries,9,1992,845,"6,998","3,041",899.1,283.1,197.3,208.5,187,181.3,214.9,278.9,"3,242"
Russian Rivers and tributaries,9,1993,"15,250","8,882","3,052","1,689",871.3,875.1,297.5,219.9,191.9,371.7,365.4,"1,326"
Russian Rivers and tributaries,9,1994,"1,417","3,999",869.9,359.4,223,142.4,138.7,141.4,136.2,112.6,462.4,"1,262"
Russian Rivers and tributaries,9,1995,"25,220","4,893","18,280","3,865","2,338",425.8,242.4,196.2,206,173.8,234.8,"3,432"
Russian Rivers and tributaries,9,1996,"7,666","12,550","5,898","1,866","1,256",429,202.5,183.7,191.6,255.3,544.7,"8,392"
Russian Rivers and tributaries,9,1997,"18,920","2,838","1,014",538.6,315.3,199,183,191.4,182.2,199.2,"1,083","1,915"
Russian Rivers and tributaries,9,1998,"11,340","26,940","4,872","3,231","1,964","1,418",350.3,200.8,270,278.6,"1,025","1,895"
Russian Rivers and tributaries,9,1999,"2,133","11,190","5,645","2,911",621.1,285.4,180.8,210.5,208.2,192.5,485.5,594.1
Russian Rivers and tributaries,9,2000,"2,384","10,740","4,851","1,076",528.4,251.6,191.1,175.5,185.6,213.9,295.4,364.3
Russian Rivers and tributaries,9,2001,"1,203","4,625","3,012",385.2,217.2,112.4,104.7,106.6,146.1,134.7,"1,516","7,594"
Russian Rivers and tributaries,9,2002,"7,537","1,828","1,475",666.8,387,191.4,144.2,151.6,152.9,158.3,295.9,"11,370"
Russian Rivers and tributaries,9,2003,"7,470","2,116","2,569","3,710","2,796",442.1,240.9,208.3,183.8,179.5,330.1,"6,158"
Russian Rivers and tributaries,9,2004,"5,313","12,640","2,697",686,352.9,228.6,171.5,109.3,111.9,228.7,354.8,"3,674"
Russian Rivers and tributaries,9,2005,"5,124","2,497","5,482","2,586","2,675",760.7,293.4,194.9,176.9,185.5,356.1,"9,500"
Russian Rivers and tributaries,9,2006,"14,220","4,541","12,100","11,300","1,196",377.8,209.6,158,133.7,163.7,325.5,"1,615"
Russian Rivers and tributaries,9,2007,603.8,"5,419","1,729",552.7,263.5,94.1,121.3,93.3,121.4,217.4,236.5,758.1
Russian Rivers and tributaries,9,2008,"7,088","5,773","1,159",408,251.9,142.6,130.6,136.7,150,136.8,283.8,448.4
Russian Rivers and tributaries,9,2009,360.6,"4,467","2,783",416.8,591.9,182.9,94.8,63,79.5,225.8,230.8,434.8
Russian Rivers and tributaries,9,2010,"8,179","4,182","3,464","4,582","1,200",533.2,214.2,156.5,147.2,709.8,928.5,"5,887"
Russian Rivers and tributaries,9,2011,"2,885","4,009","12,480","2,632",717.8,543.4,217.3,130.3,127.7,350.9,408.6,328.8
Russian Rivers and tributaries,9,2012,"1,767",525.7,"4,351","2,648",433.7,172,103.3,107.4,118.9,179.5,"1,065","10,000"
Russian Rivers and tributaries,9,2013,"2,226",696.1,642.6,556.4,190.8,104.3,92.7,102.6,111.5,103.6,161.5,185.7
Russian Rivers and tributaries,9,2014,106.1,"2,199","1,924","1,363",152.9,99.3,101.8,95.3,80.5,83.9,119.5,"6,796"
Russian Rivers and tributaries,9,2015,681.5,"3,619",527.7,383,194,115.8,75.1,85.9,77.6,94.6,162.3,"1,355"
Russian Rivers and tributaries,9,2016,"5,949","1,476","9,288","1,040",408.8,194.7,115,135.8,136.2,411.9,"1,279","4,349"
Russian Rivers and tributaries,9,2017,"19,120","18,940","4,591","3,304",777.6,304.4,169.9,158.7,162.1,182,424.9,376.7
Russian Rivers and tributaries,9,2018,"1,554",497.9,"2,561","2,233",410.8,139.5,112.7,112.1,106.1,129.4,229,766
Russian Rivers and tributaries,9,2019,"5,356","15,900","10,350","2,738","1,519",540.6,201.3,151.6,159.2,179.5,238.9,"1,641"
Russian Rivers and tributaries,9,2020,"1,518",706.5,403.5,356.4,189.2,96.2,95.3,88.3,86.5,88.4,153,218.6
Russian Rivers and tributaries,9,2021,518.5,655.5,467.1,123.1,81.9,77.9,43.3,44.8,40.8,"1,681",880.6,"3,339"
Russian Rivers and tributaries,9,2022,"1,451",388,183.5,303.4,124.6,87,48.5,47.2,68.6,72.6,107.2,"1,285"
Russian Rivers and tributaries,9,2023,"13,100","1,685","10,890","2,134",655.9,302.2,184.6,165,170,202.2,NA,NA
San Lorenzo River and tributaries,10,1991,5.6,15.3,326.1,38.8,15.3,8.29,2.9,1.82,1.44,13.7,10.6,43.8
San Lorenzo River and tributaries,10,1992,42.7,479.4,135.9,39.1,18.2,12.6,6.03,2.29,1.72,10.7,4.45,84.6
San Lorenzo River and tributaries,10,1993,766.3,617.9,236.4,114.5,54.7,35.2,18.4,10.8,7.98,8.44,15.2,61
San Lorenzo River and tributaries,10,1994,34.3,220,41.5,32.2,24.9,10.1,4.8,1.64,1.37,4.86,52.9,40.4
San Lorenzo River and tributaries,10,1995,"1,132",220.8,999.3,209.3,178.6,69.3,44.7,24.5,16.7,14.1,14.2,101.5
San Lorenzo River and tributaries,10,1996,346.5,901.1,434.3,156.6,131.6,62.4,35.3,22.2,16.8,17.6,62.4,599.6
San Lorenzo River and tributaries,10,1997,"1,391",282.1,110.1,77.4,50.9,36.9,21.3,11.3,10.8,10.7,86.1,106.5
San Lorenzo River and tributaries,10,1998,689.4,"2,652",423.3,350.4,212.5,136.7,67.2,39.9,27.2,20.4,47,53.6
San Lorenzo River and tributaries,10,1999,234.9,652.4,280.9,258.9,93.4,52.4,30.4,22.3,17.1,13.8,35.5,22.7
San Lorenzo River and tributaries,10,2000,413.3,"1,037",408.6,149.8,77.5,52.5,38.2,28.1,28.1,38.5,32.9,34.3
San Lorenzo River and tributaries,10,2001,122,287.8,243.4,69.6,40.1,17,10.7,5.69,6.51,8.73,65.3,398.2
San Lorenzo River and tributaries,10,2002,276.2,119.5,131.4,73.4,40.4,21,13.7,9.15,6.35,6.93,40.3,506.7
San Lorenzo River and tributaries,10,2003,189.4,93.8,85.2,177.5,106,37.7,18.7,11.5,7.94,6.44,18.2,288.3
San Lorenzo River and tributaries,10,2004,285.1,444.5,188.3,64.6,33.4,19.7,12,6.82,4.45,41.4,28.7,276.6
San Lorenzo River and tributaries,10,2005,502.3,330.7,450.2,231.9,121.7,65.1,34.9,22.1,16.4,12.9,17.5,493.8
San Lorenzo River and tributaries,10,2006,440.3,185,816.2,"1,014",183.5,84.1,46.3,29.7,22,18.1,28,54.4
San Lorenzo River and tributaries,10,2007,29.6,158.9,64.2,33.3,19.6,10.9,7.21,3.4,4.96,11.9,9.56,30.2
San Lorenzo River and tributaries,10,2008,427,262.3,86.4,34.5,17.8,9.35,5.05,2.3,1.25,4.32,29.6,29
San Lorenzo River and tributaries,10,2009,18.4,353.5,206.1,44.5,28.6,12.8,4.74,2.11,1.74,97.4,14.4,39.7
San Lorenzo River and tributaries,10,2010,396.2,382.6,260.6,249.1,83.9,34.8,19.6,12.5,9.02,20,36.5,287.2
San Lorenzo River and tributaries,10,2011,143.5,340.7,833.5,217.4,101,95,40.8,25.9,16.1,26.5,28.4,19.3
San Lorenzo River and tributaries,10,2012,66.8,30.7,280.8,175.3,49.9,24.7,15.1,8.99,7.2,9.6,65.6,500.4
San Lorenzo River and tributaries,10,2013,125.5,57.5,45,30.4,16.7,11.3,5.38,9.48,9.85,6.8,7.24,8.94
San Lorenzo River and tributaries,10,2014,5.51,61,58.4,27.9,7.57,2.93,1.98,1.86,2.95,3.32,11.7,296.4
San Lorenzo River and tributaries,10,2015,34.7,102,21.2,22.8,12.5,6.04,3.94,4.16,3.76,4.18,9.68,47.5
San Lorenzo River and tributaries,10,2016,252,65.8,663.7,89.1,46.4,26.5,10.4,9.72,8.06,37.6,39,249
San Lorenzo River and tributaries,10,2017,"1,673","1,894",477.8,361.1,129.8,73.3,42.3,27.8,21.7,15.3,41.5,22.9
San Lorenzo River and tributaries,10,2018,80.4,28.1,186.6,94.1,33.2,18.4,10.7,8.7,8.27,7.82,29.5,33.2
San Lorenzo River and tributaries,10,2019,373.8,"1,164",647.2,177.2,115.8,58.6,34.3,21.6,16.9,14.2,17.5,196.3
San Lorenzo River and tributaries,10,2020,73.6,42.7,38.1,75.1,27.9,16.3,11.4,9.04,8.98,8.45,14.6,18.8
San Lorenzo River and tributaries,10,2021,75,44.6,34.5,15.7,9.84,8.14,8.66,3.86,3.26,51.7,26.8,497.6
San Lorenzo River and tributaries,10,2022,136.7,41.6,36.4,33.2,18.1,13.7,9.39,8.24,11.8,8.32,18.8,387.8
San Lorenzo River and tributaries,10,2023,"1,585",353.9,"1,332",299.6,114.2,64.6,40.6,29.3,22.2,18,24.3,NA
Other coastal streams and rivers between the Russian and Pajaro Rivers including tributaries to SF and San Pablo Bay,11,NA,NA,NA,NA,NA,NA,NA,NA,NA,NA,NA,NA,NA
Carmel River and tributaries,12,1991,0.263,0.412,282.6,74.8,16.3,8.44,3.17,2.26,2.55,2.9,2.7,5.46
Carmel River and tributaries,12,1992,31,366.7,156.9,51,15.9,5.91,3.17,2.94,3,3.07,2.81,17
Carmel River and tributaries,12,1993,704.6,606.8,295.7,111.9,41.8,33.2,10.5,4.84,4.69,4.34,5.07,6.91
Carmel River and tributaries,12,1994,11.5,99.1,34,14.6,14.2,5.89,2.4,1.8,2.37,2.83,3.03,3.97
Carmel River and tributaries,12,1995,867.8,173.4,"1,033",203.3,138.2,74.2,27.9,8.9,9.54,8.06,8.7,29.6
Carmel River and tributaries,12,1996,77.9,532.6,348.8,137,67.4,23.5,12.4,8.09,9.11,7.77,13.2,247.1
Carmel River and tributaries,12,1997,898.9,285.4,87.2,46,21.9,13,11.3,8.44,5.52,3.87,12.6,94.6
Carmel River and tributaries,12,1998,473.9,"2,308",484.9,455.3,236.5,130.4,62.5,31.1,20,23.6,37.3,54.7
Carmel River and tributaries,12,1999,80.7,232.2,152.7,209.6,69.9,32.4,13.3,6.77,7.23,7,9.22,10.2
Carmel River and tributaries,12,2000,156.6,529.6,344,119.1,54.5,25.4,14.5,9.37,8.09,13.4,15.2,13.6
Carmel River and tributaries,12,2001,82.8,172.9,314.2,82.9,48.8,22.3,10.3,5.93,5.69,5.62,10.5,140.5
Carmel River and tributaries,12,2002,121.1,60.9,71.8,53.1,31,16.2,7.54,4.06,4.26,4.59,41.8,273.8
Carmel River and tributaries,12,2003,206.8,76,94,118.6,104.8,39.9,18.5,11.2,9.09,6.46,7.4,44
Carmel River and tributaries,12,2004,79,269.1,139.3,43.8,23.5,11.3,5.87,4.3,4.72,7.78,17.3,133.8
Carmel River and tributaries,12,2005,521.1,404.1,413.3,213.9,103.5,49.8,21.4,13.2,9.97,8.91,9.43,76.3
Carmel River and tributaries,12,2006,219.6,134.1,394.2,737.5,148.4,58.7,20.5,13.1,10,7.98,10.4,12.8
Carmel River and tributaries,12,2007,21,60.9,50.2,18.9,9.81,6.79,2.78,2.03,1.94,2.53,2.71,4.44
Carmel River and tributaries,12,2008,333.5,264.6,111,48.9,22.3,12.8,6.56,4.12,4.05,4.04,5.52,8.28
Carmel River and tributaries,12,2009,13.9,232.9,352.2,70,38.5,22.2,12.1,6.97,6.57,87.2,26.2,66
Carmel River and tributaries,12,2010,367.6,357.6,314.5,274.9,138.1,59.4,29.5,14,11.7,13.8,17.5,122.4
Carmel River and tributaries,12,2011,199.5,283.1,650.1,270,83.6,104.1,36.6,16.9,14.7,16.9,17.8,18.4
Carmel River and tributaries,12,2012,34.9,30,64.3,97.9,32.6,12.7,6.8,6.08,5.39,4.35,5.66,227.6
Carmel River and tributaries,12,2013,140.1,56.3,38.1,28.6,10.9,5.71,3.55,3.01,3.04,2.34,2.58,2.83
Carmel River and tributaries,12,2014,2.38,3.66,48.6,24.2,9.94,3.47,3.3,1.43,0.837,1.23,2.38,126.9
Carmel River and tributaries,12,2015,31.5,134.7,37.3,20.2,19.5,7.39,6.81,4.93,1.16,1.25,2.78,9.93
Carmel River and tributaries,12,2016,170.3,72.6,408.5,71.9,31.2,12.4,7.24,5.88,5.54,7,14.4,57.8
Carmel River and tributaries,12,2017,"1,120","1,377",352.8,249.4,109.8,54.6,24.7,17.9,16.9,14.9,18.6,17
Carmel River and tributaries,12,2018,28.8,22.1,278,90.5,38.8,20.4,7.64,4.24,3.81,4.62,10.2,29.8
Carmel River and tributaries,12,2019,278,"1,087",484.5,154.2,94.2,51.8,25.2,17.5,15.1,14.2,14.3,178.3
Carmel River and tributaries,12,2020,89.8,52.6,86,208,61.1,26.6,10.8,6.11,5.86,6.14,7.46,8.13
Carmel River and tributaries,12,2021,104.2,55.6,41,25.1,13.5,5.07,2.74,2.84,2.56,3.98,6.21,200
Carmel River and tributaries,12,2022,91.9,29.8,22.4,19.6,11.5,5.22,3.54,2.22,2.18,2.28,5.97,165.5
Carmel River and tributaries,12,2023,"1,320",214.7,"1,070",382.7,133.5,66.9,28.3,13.2,11.5,12.6,15.7,31.9
Other coastal streams and rivers from the Pajaro to the Santa Maria River (including Pajaro),13,1991,1.22,1.28,277.7,27.3,5.35,3.98,3.34,2.81,0.953,0.718,0.58,1.76
Other coastal streams and rivers from the Pajaro to the Santa Maria River (including Pajaro),13,1992,4,223.7,80.6,21.4,7.27,3.86,3.46,1.78,0.759,0.279,0.272,10.3
Other coastal streams and rivers from the Pajaro to the Santa Maria River (including Pajaro),13,1993,"1,560","1,148",489.9,160.1,34.6,20,12.1,8.83,7.28,5.82,9.6,17.3
Other coastal streams and rivers from the Pajaro to the Santa Maria River (including Pajaro),13,1994,22.9,84.1,36.2,20.5,16.2,9.83,9,7.76,5.91,3.04,3.67,9.24
Other coastal streams and rivers from the Pajaro to the Santa Maria River (including Pajaro),13,1995,915.6,162.4,"2,815",316.5,175.9,41.3,17.2,12.9,8.19,5.94,9.2,57.1
Other coastal streams and rivers from the Pajaro to the Santa Maria River (including Pajaro),13,1996,245.4,"2,119",728,161.7,91.5,22.7,14.3,9.51,7.69,8.02,91,"1,139"
Other coastal streams and rivers from the Pajaro to the Santa Maria River (including Pajaro),13,1997,"3,779",759.3,309.7,84.9,31.6,21,11.8,8.85,5.53,4.86,29.7,135.4
Other coastal streams and rivers from the Pajaro to the Santa Maria River (including Pajaro),13,1998,791.2,"6,978","1,298",913.3,422.2,162,32.1,22.8,17.6,12.5,50.5,98.5
Other coastal streams and rivers from the Pajaro to the Santa Maria River (including Pajaro),13,1999,345.9,"1,000",294.1,272.6,56.6,25.3,15.4,11.3,8.58,7.95,18.6,27.9
Other coastal streams and rivers from the Pajaro to the Santa Maria River (including Pajaro),13,2000,252.4,"1,396",689.3,112.7,42.3,20,11.9,7.42,8.66,17.8,28.2,32.8
Other coastal streams and rivers from the Pajaro to the Santa Maria River (including Pajaro),13,2001,74.6,213.5,198.8,65.6,26.8,11.9,7.91,5.9,5.39,5.73,18.7,205
Other coastal streams and rivers from the Pajaro to the Santa Maria River (including Pajaro),13,2002,224.8,97.6,78.9,49,30.9,16.7,9.4,6.46,5.33,3.94,24.7,414.3
Other coastal streams and rivers from the Pajaro to the Santa Maria River (including Pajaro),13,2003,305.7,76.4,82.5,76.1,52.9,17.4,9.68,9.08,8.2,6.61,19.2,90.9
Other coastal streams and rivers from the Pajaro to the Santa Maria River (including Pajaro),13,2004,289.4,390.1,193.7,52.5,25.9,13.7,9.86,11.6,7.64,11.5,18.3,82.5
Other coastal streams and rivers from the Pajaro to the Santa Maria River (including Pajaro),13,2005,638.3,583.9,687.4,220.2,87.3,40.4,22.4,17.1,17.9,19,22.9,135.2
Other coastal streams and rivers from the Pajaro to the Santa Maria River (including Pajaro),13,2006,773,115.5,599.3,"1,271",132,43.2,20.8,14.8,18.4,23.8,36.6,57.4
Other coastal streams and rivers from the Pajaro to the Santa Maria River (including Pajaro),13,2007,50.8,90.2,75.7,45.6,24.3,13.9,8.5,7.97,4.43,5.55,12,22.5
Other coastal streams and rivers from the Pajaro to the Santa Maria River (including Pajaro),13,2008,157,256.4,87.3,40.7,18.1,9.28,6.94,5.84,2.12,2.16,4.21,12.9
Other coastal streams and rivers from the Pajaro to the Santa Maria River (including Pajaro),13,2009,21.4,84.1,152.6,40.6,23.9,10.4,4.09,4.08,2.23,52.1,11.6,31.6
Other coastal streams and rivers from the Pajaro to the Santa Maria River (including Pajaro),13,2010,348.2,278.1,413.8,252.7,76.1,29.7,15.6,13.6,17.8,19,32.3,131.9
Other coastal streams and rivers from the Pajaro to the Santa Maria River (including Pajaro),13,2011,207.9,625.9,"1,459",395.1,99.4,45.1,29.7,23.8,19.3,25.3,31,37
Other coastal streams and rivers from the Pajaro to the Santa Maria River (including Pajaro),13,2012,70.8,50.1,88.8,116.3,51.8,19.3,11,7.52,5.46,6.13,11.6,302.6
Other coastal streams and rivers from the Pajaro to the Santa Maria River (including Pajaro),13,2013,127.8,66.8,56,33.5,15.2,9.07,5.09,3.04,2.86,2.6,3.43,5.6
Other coastal streams and rivers from the Pajaro to the Santa Maria River (including Pajaro),13,2014,8.05,14.2,25.3,22,7.98,5,1.48,1.13,2.02,1.03,1.43,58.5
Other coastal streams and rivers from the Pajaro to the Santa Maria River (including Pajaro),13,2015,11.8,63.4,14.9,8.24,5.27,3.01,1.23,1.25,0.733,0.84,2.61,5.77
Other coastal streams and rivers from the Pajaro to the Santa Maria River (including Pajaro),13,2016,198.2,62.4,705.7,57.5,32.1,12.5,4.78,2.92,2.75,32.1,18.8,101.6
Other coastal streams and rivers from the Pajaro to the Santa Maria River (including Pajaro),13,2017,"2,980","3,236",610.6,303.3,95.8,40,20,18.2,14.6,6.7,15.7,19.3
Other coastal streams and rivers from the Pajaro to the Santa Maria River (including Pajaro),13,2018,44.3,35.9,147.7,74.9,38.4,16.4,7.37,3.8,3.67,1.89,3.91,17.6
Other coastal streams and rivers from the Pajaro to the Santa Maria River (including Pajaro),13,2019,182.9,"1,663",654.3,147.9,70.6,34.2,12.7,8.16,4.51,3.5,8.19,115.1
Other coastal streams and rivers from the Pajaro to the Santa Maria River (including Pajaro),13,2020,69.2,47.4,79.3,134.1,37.8,15.8,8.77,5.47,3.57,2.02,2.37,10.1
Other coastal streams and rivers from the Pajaro to the Santa Maria River (including Pajaro),13,2021,99.9,44.2,24.9,17.4,7.69,4.1,2.64,2.99,2.2,5.8,2.17,183.6
Other coastal streams and rivers from the Pajaro to the Santa Maria River (including Pajaro),13,2022,67.7,40,20.3,24.3,8.63,3.62,2.95,2.28,2.4,1.35,3.02,160.1
Other coastal streams and rivers from the Pajaro to the Santa Maria River (including Pajaro),13,2023,"3,080",296.8,"2,860",489,121.8,40.7,17.6,11.4,16,26.8,NA,NA
Santa Maria River to the Mexican Border (closed to Steelhead Fishing),14,NA,NA,NA,NA,NA,NA,NA,NA,NA,NA,NA,NA,NA
Sacramento River and tributaries,15,1991,"8,561","7,591","23,590","9,640","6,744","7,093","7,106","7,474","8,903","7,505","6,048","8,004"
Sacramento River and tributaries,15,1992,"9,737","24,950","18,750","8,667","5,118","4,858","5,089","6,693","9,359","6,261","5,987","11,290"
Sacramento River and tributaries,15,1993,"41,490","40,560","41,440","36,770","18,070","24,200","14,790","17,600","13,620","11,270","10,160","17,080"
Sacramento River and tributaries,15,1994,"11,830","17,620","11,600","7,270","8,098","6,562","10,140","10,600","13,100","7,255","7,696","14,530"
Sacramento River and tributaries,15,1995,"53,680","52,440","61,130","52,720","50,370","31,910","18,750","16,520","19,760","11,190","10,150","21,350"
Sacramento River and tributaries,15,1996,"30,130","61,590","49,150","29,770","31,540","17,930","17,060","17,880","14,850","9,616","11,430","44,920"
Sacramento River and tributaries,15,1997,"72,110","48,390","19,050","10,930","9,334","13,040","18,580","16,350","12,020","9,744","12,160","18,370"
Sacramento River and tributaries,15,1998,"45,320","70,030","54,070","46,550","36,650","45,560","21,960","21,190","21,120","13,110","17,690","39,650"
Sacramento River and tributaries,15,1999,"27,640","53,390","48,370","25,060","15,020","13,420","18,240","15,440","13,550","9,690","11,070","13,720"
Sacramento River and tributaries,15,2000,"19,930","51,140","50,410","22,590","16,930","14,160","18,670","16,730","14,050","10,040","10,410","11,660"
Sacramento River and tributaries,15,2001,"15,420","18,840","22,150","10,580","7,705","10,430","13,370","12,220","11,220","7,392","11,270","24,610"
Sacramento River and tributaries,15,2002,"34,050","16,050","17,810","11,040","10,820","12,020","16,470","15,720","12,440","8,764","10,570","26,260"
Sacramento River and tributaries,15,2003,"47,330","30,360","19,820","19,160","34,490","18,210","19,610","17,270","13,970","9,643","10,790","25,270"
Sacramento River and tributaries,15,2004,"32,650","40,270","41,770","18,960","10,940","13,530","17,870","16,510","13,470","10,930","10,300","15,500"
Sacramento River and tributaries,15,2005,"30,010","19,990","23,500","16,300","32,620","20,560","15,460","13,720","14,750","11,850","11,370","28,590"
Sacramento River and tributaries,15,2006,"56,460","39,690","60,340","65,970","42,120","21,400","15,470","16,310","16,270","10,490","10,740","15,520"
Sacramento River and tributaries,15,2007,"12,960","21,260","16,430","12,280","8,921","10,970","16,700","15,490","14,710","10,240","10,260","12,290"
Sacramento River and tributaries,15,2008,"21,970","25,580","12,910","10,100","8,883","9,652","11,550","10,990","10,710","7,900","9,350","8,776"
Sacramento River and tributaries,15,2009,"8,967","20,090","21,110","11,570","13,780","10,640","15,690","13,450","11,110","8,984","8,440","10,170"
Sacramento River and tributaries,15,2010,"26,830","26,830","18,040","17,540","13,540","16,410","14,680","15,590","16,250","11,520","11,500","36,370"
Sacramento River and tributaries,15,2011,"29,990","21,660","45,550","45,060","29,270","32,710","17,210","14,690","18,400","14,650","11,310","13,370"
Sacramento River and tributaries,15,2012,"14,210","13,260","19,240","22,550","10,710","11,680","17,480","16,260","14,830","10,960","11,030","41,560"
Sacramento River and tributaries,15,2013,"19,380","13,630","12,160","11,460","11,170","12,050","15,270","15,870","12,550","7,445","8,255","7,778"
Sacramento River and tributaries,15,2014,"6,418","10,230","14,080","9,050","5,091","7,895","8,658","8,459","8,158","6,235","7,390","32,230"
Sacramento River and tributaries,15,2015,"9,839","16,380","7,141","5,882","6,746","5,552","5,919","6,332","7,727","7,334","6,451","10,400"
Sacramento River and tributaries,15,2016,"26,420","17,970","44,660","15,490","9,219","10,100","13,460","15,090","14,790","10,550","13,480","31,130"
Sacramento River and tributaries,15,2017,"56,850","71,660","59,170","57,780","40,260","20,540","11,750","16,920","18,280","10,970","11,310","11,020"
Sacramento River and tributaries,15,2018,"15,200","10,460","22,350","27,590","9,016","9,269","11,460","15,530","15,260","9,754","8,285","13,520"
Sacramento River and tributaries,15,2019,"29,160","42,080","55,060","50,480","26,900","21,610","14,650","17,740","18,660","12,150","8,565","16,770"
Sacramento River and tributaries,15,2020,"14,380","11,670","10,470","10,580","9,803","10,470","10,980","11,700","10,390","7,979","7,946","7,835"
Sacramento River and tributaries,15,2021,"8,241","10,970","8,332","6,748","6,685","5,822","7,288","7,589","7,698","11,340","7,790","15,970"
Sacramento River and tributaries,15,2022,"13,100","10,700","9,484","7,447","6,115","7,046","8,114","7,378","7,093","6,234","6,269","10,040"
Sacramento River and tributaries,15,2023,"48,550","14,830","47,950","36,790","35,640","18,690","11,290","14,530","16,000","10,230","7,243",NA
Feather River and tributaries,16,NA,NA,NA,NA,NA,NA,NA,NA,NA,NA,NA,NA,NA
Yuba River and tributaries,17,1991,900.1,757.7,"2,392",671.1,348.4,329.3,704.9,"1,596","1,970","1,233",695.9,740.6
Yuba River and tributaries,17,1992,"1,014","2,009",804.3,603.9,553.1,489,121.8,140.6,246.7,448.5,423.5,812.7
Yuba River and tributaries,17,1993,"4,337","4,908","5,808","4,660","3,950","3,850","1,446","1,350",912.7,"1,277","1,380","1,277"
Yuba River and tributaries,17,1994,"1,209","1,180","1,046",514.9,418.1,280,117.7,427.5,435.6,449.8,532,919.5
Yuba River and tributaries,17,1995,"7,782","5,349","14,080","5,910","9,721","7,029","2,897","1,325",862,964,903.1,"1,986"
Yuba River and tributaries,17,1996,"2,956","11,060","5,375","4,621","8,675","2,244","1,292","1,602","1,000","1,145","1,040","8,036"
Yuba River and tributaries,17,1997,"26,180","6,283","3,522","1,441",768.6,366.8,"1,146","2,051",600.5,800.1,960.9,"1,315"
Yuba River and tributaries,17,1998,"5,461","10,040","6,398","5,505","5,348","7,331","2,284","2,214","1,453","1,032","1,498","2,732"
Yuba River and tributaries,17,1999,"4,020","7,597","6,025","3,659","2,215","1,941","1,651","2,147","1,161",867,720.5,764.1
Yuba River and tributaries,17,2000,"1,651","5,819","5,774","2,891","1,708",958.9,845.2,"1,053",957.9,782.1,641.8,696
Yuba River and tributaries,17,2001,827.6,"1,028",861.2,803.3,302.5,264.3,"1,369","1,270",521.8,431.1,443.8,"1,039"
Yuba River and tributaries,17,2002,"1,982","1,795","2,767","2,174","1,638","1,293","1,432","1,213",464.6,458.8,482.7,"1,769"
Yuba River and tributaries,17,2003,"2,025","2,307","2,426","2,661","5,194","3,201","1,745","1,740",554.5,600.7,568.6,"1,450"
Yuba River and tributaries,17,2004,"2,331","3,602","2,984","1,686","1,586",961.9,990.2,939.5,514.1,596.4,542.5,919.1
Yuba River and tributaries,17,2005,"1,531","1,118","2,218","2,364","8,795","3,174","1,684",939.1,564.8,624.3,856.4,"7,844"
Yuba River and tributaries,17,2006,"11,840","5,302","8,061","13,820","10,010","3,059","1,655",761.4,477.9,521.5,532.2,750.7
Yuba River and tributaries,17,2007,"1,261","2,530","1,819",930.3,"1,030",679.7,726.1,749.5,682,686.4,685.1,746.3
Yuba River and tributaries,17,2008,"1,487","1,759",916.4,794.3,955.9,597.2,864.4,882.5,621.9,571.2,557.9,567
Yuba River and tributaries,17,2009,588,"1,463","1,731","1,468","3,766","1,756","1,675","1,748",780.5,619.8,557.9,580.8
Yuba River and tributaries,17,2010,"1,217","1,282","1,399","1,906","2,239","4,031","2,603","1,877",750.9,791.2,668,"5,984"
Yuba River and tributaries,17,2011,"3,464","3,376","9,022","6,619","6,385","7,884","4,051","2,525",670.2,726.2,573.8,600.1
Yuba River and tributaries,17,2012,717.1,700.9,"3,492","4,708","2,275",996.1,"1,365","1,345",786.4,717.1,925.5,"4,963"
Yuba River and tributaries,17,2013,"2,035","1,474","1,396",980.5,"1,037",819.8,"1,124",977.4,574.8,572.7,595.8,526.3
Yuba River and tributaries,17,2014,534.5,"1,110","1,018",695.6,598.8,550.6,821.2,818.5,428.8,427.2,538.6,"1,424"
Yuba River and tributaries,17,2015,576.3,956.6,647.1,550,459.6,348.3,389.5,382.4,395.9,380.9,415.4,721.8
Yuba River and tributaries,17,2016,"1,980","1,132","9,534","3,406","2,168","1,528",803,672.6,573.7,641.5,780.2,"5,951"
Yuba River and tributaries,17,2017,"17,610","27,070","7,702","9,475","7,803","4,045","2,320","1,871",744.8,614.3,"1,076",839.3
Yuba River and tributaries,17,2018,"1,277",995.4,"5,951","7,026","2,092","1,555",957.7,921.2,612.2,613,598.1,781.8
Yuba River and tributaries,17,2019,"2,142","7,019","8,164","7,044","6,359","5,211","1,794","1,706",813.7,681.4,618.9,"1,251"
Yuba River and tributaries,17,2020,"1,112",875,907.9,"1,164","1,093",854.6,"1,182","1,444",588.8,631.4,558,544
Yuba River and tributaries,17,2021,580,745.5,771.8,837.5,640.1,432.5,429.3,429.7,434.9,"1,026",488.1,"1,692"
Yuba River and tributaries,17,2022,786.9,735.4,776.3,796.6,899.6,652.9,"1,041","1,103",753.2,553,558,"1,719"
Yuba River and tributaries,17,2023,"6,823","2,191","9,470","6,264","8,411","5,801","1,915","1,647",646.5,545.2,525.9,
American River and tributaries,18,1991,548.4,407.9,373.4,407.2,717.3,"2,367","3,135","2,773","1,459","2,321","1,166","1,881"
American River and tributaries,18,1992,864.3,815.9,844.2,785.8,"1,667","3,913","3,477","2,554",856.5,668.2,584.1,517.3
American River and tributaries,18,1993,"4,284","6,213","7,342","3,380","5,406","5,773","5,446","3,872","2,271","2,706","1,855","2,378"
American River and tributaries,18,1994,"1,780","1,599","1,598","1,145","1,034","2,025","2,317","1,793","1,006",606.3,"1,347","1,445"
American River and tributaries,18,1995,"8,789","5,449","18,140","7,942","14,270","7,413","10,710","2,854","3,878","2,849","2,429","2,398"
American River and tributaries,18,1996,"2,151","14,270","4,980","5,517","9,510","4,903","2,849","2,722","2,168","2,689","3,483","14,590"
American River and tributaries,18,1997,"31,780","7,219","4,147","2,607","2,415","2,621","2,233","1,961","1,553","2,416","2,436","2,385"
American River and tributaries,18,1998,"5,770","12,440","6,601","7,624","9,141","7,652","4,353","4,008","4,014","2,271","2,733","3,052"
American River and tributaries,18,1999,"6,084","12,340","5,926","4,345","4,413","3,957","4,293","2,489","2,064","2,401","2,357","2,289"
American River and tributaries,18,2000,"3,699","10,080","5,613","4,387","3,622","2,630","3,261","1,797","1,463","1,939","2,058","2,348"
American River and tributaries,18,2001,"2,021","1,507","1,509","1,593","1,775","2,502","2,123","1,564","1,521","1,285",965.2,"1,438"
American River and tributaries,18,2002,"1,470","1,507","2,926","3,683","2,689","2,730","3,342","1,951","1,471","1,488","1,631","1,722"
American River and tributaries,18,2003,"2,655","4,270","2,072","2,098","5,544","4,221","3,385","2,775","1,793","1,943","2,013","1,989"
American River and tributaries,18,2004,"2,536","3,558","3,402","4,264","2,072","2,230","3,133","1,788","1,419","1,303","1,540","1,595"
American River and tributaries,18,2005,"1,436","3,752","6,375","4,132","9,188","7,456","3,510","3,180","2,616","2,216","2,125","9,085"
American River and tributaries,18,2006,"14,320","8,300","7,234","19,060","10,340","5,775","3,821","3,212","2,657","2,159","2,078","2,071"
American River and tributaries,18,2007,"1,827","1,755","1,797","1,803","1,525","2,980","3,643","2,800","1,698","1,278","1,219","1,154"
American River and tributaries,18,2008,"1,064",984.7,997.9,"1,071","1,238","3,438","2,936","1,728","1,294","1,028","1,130",949.9
American River and tributaries,18,2009,810.9,768.1,"1,094","3,390","4,000","2,870","5,114","3,635","2,091","2,069","1,876","1,863"
American River and tributaries,18,2010,"1,628","1,503","1,227","1,563","4,954","5,976","4,356","2,683","1,627","1,660","2,839","12,390"
American River and tributaries,18,2011,"4,802","2,624","14,470","9,360","6,965","9,664","5,014","3,389","3,594","3,678","2,378","2,046"
American River and tributaries,18,2012,"1,736","1,525","1,023","2,305","3,880","3,168","4,183","3,081","1,801","1,615","1,836","5,027"
American River and tributaries,18,2013,"3,111","2,250","1,607","1,158",943,"2,355","3,193","2,546","1,759","1,280","1,318","1,291"
American River and tributaries,18,2014,676.2,532.6,524.1,683.7,"1,384","2,068","1,934","1,512","1,423","1,059","1,023",875.3
American River and tributaries,18,2015,872,880.2,782.8,576.3,"1,343","2,343","3,077","2,145",818.7,540.9,497.7,509
American River and tributaries,18,2016,580.5,"3,118","10,050","3,171","4,369","4,042","4,933","3,335","1,618","1,094","1,111","9,619"
American River and tributaries,18,2017,"21,880","33,530","8,391","12,180","9,896","7,111","3,777","3,638","3,456","2,401","2,097","3,479"
American River and tributaries,18,2018,"2,720","2,771","4,226","8,383","2,359","3,540","4,913","3,409","1,844","1,586","1,887","1,815"
American River and tributaries,18,2019,"1,760","11,000","9,881","8,301","8,632","8,595","3,956","3,459","2,487","2,615","2,596","2,362"
American River and tributaries,18,2020,"2,121","1,896","1,771","1,515","1,462","2,491","3,757","2,583","1,989","1,700","1,205","1,293"
American River and tributaries,18,2021,"1,146",949.9,"1,562","1,750",971.9,"1,734","1,132",903.2,549.8,596.8,593,995.1
American River and tributaries,18,2022,"3,783","2,084","1,569","1,060","1,377","2,440","4,446","3,441","2,623","1,419","1,330","1,885"
American River and tributaries,18,2023,"15,020","4,172","13,230","7,240","11,630","6,830","3,928","3,935","3,048","2,566",NA,NA
Mokelumne River and tributaries,19,NA,NA,NA,NA,NA,NA,NA,NA,NA,NA,NA,NA,NA
San Joaquin River and tributaries,20,1991,96.7,128.4,90.7,117.3,160.5,183.6,210.7,197.7,160.7,153.4,117.4,102.6
San Joaquin River and tributaries,20,1992,83.3,91.2,108.6,141.9,181.1,262.5,271.1,277.5,237.2,197.3,116.6,95.3
San Joaquin River and tributaries,20,1993,111.5,85.7,455.6,"1,159",863.6,"1,067",683.1,263.5,236.2,156.7,119.7,91.7
San Joaquin River and tributaries,20,1994,103.8,109.3,144.6,156.5,157.9,206,251.6,253.2,232.8,159.2,124.2,102.7
San Joaquin River and tributaries,20,1995,91.9,448.5,"4,203","6,074","7,637","2,651","5,322",464.3,181,157,131.7,82.3
San Joaquin River and tributaries,20,1996,72.9,649.3,"1,648","1,188","1,625",348,231.9,219.8,184,158.2,100.3,"1,147"
San Joaquin River and tributaries,20,1997,"9,144","6,514","1,286",207.8,262.6,284.7,275,315.9,271.8,226.7,178.9,153.5
San Joaquin River and tributaries,20,1998,116.9,"3,334","2,361","4,648","4,101","6,535","4,361",380.3,383,357.2,378.3,537.1
San Joaquin River and tributaries,20,1999,242,487.5,85.7,96.6,146.7,333.6,560.4,277.7,207,132.5,87.5,84
San Joaquin River and tributaries,20,2000,95.8,122.8,933.9,137.8,131.4,469.1,222.2,246.1,246.9,197.9,171,170.7
San Joaquin River and tributaries,20,2001,143.7,99.7,92.4,118.9,149.7,266.5,215.5,244.4,316.7,188.4,119.7,111
San Joaquin River and tributaries,20,2002,94.8,94.7,131.5,169.6,185.8,189.4,223.4,190.9,185.9,161.8,136,116.1
San Joaquin River and tributaries,20,2003,106.3,102.2,106.5,141.8,166.4,323.6,238.7,203,209.7,177.5,120.3,105.2
San Joaquin River and tributaries,20,2004,96.9,98,140.9,183.1,193.2,218.1,200.5,202.4,188.6,164,132.7,112.8
San Joaquin River and tributaries,20,2005,116.3,136.9,286.9,"1,536","5,052","3,143",622.5,240.2,241.8,177.4,147.1,103.7
San Joaquin River and tributaries,20,2006,414.6,94.9,559.5,"7,367","6,659","5,809",775.7,319.4,304.7,296.1,174.4,123
San Joaquin River and tributaries,20,2007,123.2,74.7,136.8,205.9,254.6,281.4,284.7,276.6,269.3,158.6,147.2,102.2
San Joaquin River and tributaries,20,2008,91.7,110.8,217.2,263.6,273.5,285.5,282.4,232,172.2,144.7,119.2,96.3
San Joaquin River and tributaries,20,2009,95.6,77.8,122.8,145.4,179.3,190.8,203.5,198.1,172.3,368.9,395.4,97.8
San Joaquin River and tributaries,20,2010,126.1,407.1,733.6,"1,330","1,551",495.1,345.4,323.3,333.3,340.8,416.3,617
San Joaquin River and tributaries,20,2011,"2,674",233.6,"2,357","6,698","3,209","3,912","2,194",318,326.2,447.7,143.1,100.2
San Joaquin River and tributaries,20,2012,192.4,349.9,355.1,460.3,921.6,330.4,333.5,339.3,258.1,403.7,512.6,357.5
San Joaquin River and tributaries,20,2013,355.8,375.9,433.3,879.7,390.5,374.4,344.5,323.1,327.8,402.5,427.1,394.1
San Joaquin River and tributaries,20,2014,408.6,133.2,132.3,171.7,694.4,"1,291","1,308","1,310","1,089",169.4,157.8,144.2
San Joaquin River and tributaries,20,2015,147.2,136.1,165.9,195.4,227.4,273.4,877.2,"1,169",194.5,205.4,168.2,166.8
San Joaquin River and tributaries,20,2016,147.1,184.5,239.6,311.6,334.3,338.6,728.6,585.3,424.8,398.9,313.2,184.8
San Joaquin River and tributaries,20,2017,"4,351","7,080","7,336","4,028","3,952","6,991","1,428",360.9,386.9,370.1,389,387.5
San Joaquin River and tributaries,20,2018,411.1,419.8,314.4,404.7,386.5,398.7,433.4,444.1,433.1,413.5,392.7,390.7
San Joaquin River and tributaries,20,2019,405,548.2,"1,667",655.9,"2,600","3,562",854.8,422.3,402.4,384.9,395.6,377.3
San Joaquin River and tributaries,20,2020,381.5,471.9,213.6,363,518.1,380.8,443.4,427,419.9,403,412.8,392.6
San Joaquin River and tributaries,20,2021,391.9,311.9,259.1,336.6,395.5,267,278.5,276.5,261.2,225.2,276.1,625.1
San Joaquin River and tributaries,20,2022,632.1,464.5,635.2,"1,069","1,558","1,582",316.7,268.1,260.7,484.4,525.6,612.9
San Joaquin River and tributaries,20,2023,"4,037",612.8,"5,962","9,262","8,385","6,133","2,842",368.2,407.3,,,